{
  "/api/orders": 980.0306608653319,
  "/api/products": 993.8109786954706,
  "/api/users": 997.0484534870046
}